_AverageReward,Steps,Zero steps,% of optimal actions,% of pure optimal actions,ValFuncLoss,_mean_act,_mean_adv,_min_adv,_max_adv,_std_adv,_mean_discrew,_min_discrew,_max_discrew,_std_discrew,_Episode,_time_from_beginning_in_minutes,PolicyLoss,Clipping,Max ratio,Min ratio,Mean ratio,PolicyEntropy,KL,Beta,_lr_multiplier
3.0264972128577856,1562353,0,0.0,0.0,0.08172801556625665,0.25994349367568265,0.008280362352410944,-10.174215066198839,8.597836861456509,0.9999995165804053,-106.93006285566702,-5970.05449280662,158.2130568443879,119110.28210064548,1,0.5,-0.009530155,0.199,1.071178,0.92408675,1.0002882,0.6916233,0.00022911478,3,0.995
3.004374350158825,1536914,0,0.0,0.0,0.012606634039304487,0.25409535261415456,-0.0012017586880076233,-12.718829812481317,9.959986338430742,0.9999994259537861,-100.9385050168417,-4462.292593344082,1323.3374788167444,44279.591240733665,2,1.01,0.0004861578,0.198,1.0459211,0.94156194,1.0000123,0.69056475,0.00018408509,3,0.99
3.001631069972837,1544385,0,0.0,0.0,0.014897169068390576,0.25772711231695195,-0.00028317926608707484,-10.90899065651132,11.785884271137148,0.9999994085858245,-102.53342819111496,-6736.937819021746,866.4331589493005,55239.41723323172,3,1.51,-0.0010429346,0.197,1.0417496,0.9401068,1.0000087,0.68919796,0.00015571146,3,0.985
2.9474075175538634,1526587,0,0.0,0.0,0.005734284052063548,0.25956986302985124,-0.020001442214555562,-11.74792487513343,16.785041443812197,0.9999993548388146,-96.468643931848,-4662.890525833816,1062.1148962222132,36400.3924133731,4,2.02,0.01855456,0.196,1.0503246,0.92967534,1.0000181,0.6880224,0.00013349885,3,0.98
3.014042699235639,1535531,0,0.0,0.0,0.009657015320481783,0.26222043776510423,0.010823071234530785,-12.813903875519609,19.698465182416022,0.9999991210195058,-85.8711924692098,-4462.44758817784,2473.6260546079307,41925.06378588244,5,2.52,-0.012141054,0.195,1.0490254,0.92541164,1.0000191,0.6865269,0.00013280418,3,0.975
2.993620524663079,1522539,0,0.0,0.0,0.0027385235906881903,0.2625201232980994,0.0014626913473169368,-14.782867926532822,20.625757853824556,0.9999989635019597,-83.69968413964232,-2682.772326673001,1346.7900053641963,30526.927053708947,6,3.02,-0.0029573848,0.194,1.0482588,0.92358625,0.9999887,0.68519,0.00013354942,3,0.97
3.017609441751767,1545137,0,0.0,0.0,0.0014723914819996643,0.26441779653831793,0.018554966491510602,-16.42735590880207,21.333560877998423,0.9999986842972785,-80.02773528379906,-2954.098771472378,712.145436768955,31881.157203764044,7,3.53,-0.020804653,0.193,1.0559977,0.9170593,1.0000243,0.6832993,0.00015579029,3,0.965
2.9505730161372563,1525786,0,0.0,0.0,0.0005876024174155439,0.26457526072662635,-0.02380265617968953,-16.56806705121597,20.46449029209297,0.9999985032684028,-78.50698328949152,-2780.1832146350384,440.88585773070383,25683.26961940294,8,4.03,0.020831862,0.192,1.0460153,0.917785,0.9999939,0.6817231,0.00016424133,3,0.96
2.9828430872706626,1520087,0,0.0,0.0,0.0007452229979277452,0.2644507995529056,0.0011413575477113953,-19.707405955553178,19.379063733707067,0.9999984507765045,-79.04257068441841,-3796.711172716564,450.5564790315096,30133.780847669546,9,4.53,-0.0044612917,0.191,1.0468813,0.9145284,0.9999924,0.679278,0.00019737407,3,0.955
2.990510472485657,1532110,0,0.0,0.0,0.0007693591335585616,0.2640911583097268,0.010831989978165767,-19.0981251073226,22.03214337454648,0.999998333211856,-77.43626120890798,-4162.649929677316,418.6425300032957,32819.732314660905,10,5.03,-0.014597938,0.19,1.0441682,0.9113394,0.999992,0.6763734,0.00023494306,3,0.95
2.9198941055615966,1496207,0,0.0,0.0,0.00045000066545477997,0.26260245415420974,-0.04747775460600461,-19.354202296297757,23.55058541352964,0.9999980555476556,-72.87012863629596,-3017.376781527818,462.75021902335845,28238.67644695308,11,5.52,0.043362092,0.189,1.0422401,0.9117092,1.0000094,0.6735992,0.00026620502,3,0.945
2.945517844955852,1504823,0,0.0,0.0,0.00035780916831282006,0.26088154160129134,-0.02101183545900924,-21.822067565776326,20.433917816083014,0.9999978990319467,-75.78207302953504,-3397.3171765299066,658.408580930797,27173.10628450412,12,6.02,0.016077723,0.188,1.0550661,0.9001365,1.0000049,0.66966665,0.00026562117,3,0.94
3.0199419343721856,1537915,0,0.0,0.0,0.00037958820355182376,0.2615593696455801,0.06548165000765836,-30.65710188253449,18.727487358101484,0.9999978041356171,-76.07577352261472,-3170.3425031299475,531.4620346664444,28954.514167318208,13,6.52,-0.07085352,0.18700000000000003,1.0636275,0.88965875,0.99999934,0.6641137,0.0003009247,3,0.935
2.9424679767514963,1520614,0,0.0,0.0,0.00018159655142587622,0.26087293925148825,-0.01468504854756586,-20.98554398575012,14.642261454135262,0.9999977507288066,-73.76789247853695,-3042.8262390581954,272.0930403740869,26851.14131907779,14,7.02,0.008588057,0.186,1.0488828,0.8951075,1.0000218,0.65994537,0.00035052325,3,0.9299999999999999
2.961730391965375,1510363,0,0.0,0.0,0.00044566267303001664,0.25924791748465387,0.011804307071838644,-25.43032835266206,24.050500980839313,0.9999979300804124,-74.7485736510987,-3917.2773371012045,570.981434889587,32585.862789629824,15,7.52,-0.017075954,0.18500000000000003,1.0503649,0.8912911,0.99997973,0.65385836,0.0003605775,3,0.925
2.93503651713104,1510387,0,0.0,0.0,0.0008055096564756101,0.25725649308730436,-0.012550311352071927,-28.52372967250265,25.789536308771453,0.9999979366257358,-73.77251974866581,-5150.932314584057,407.2959172230892,28953.795106634905,16,8.02,0.006921616,0.18400000000000002,1.0643009,0.87843823,1.0000154,0.64835525,0.00035513617,3,0.92
2.9562327154839196,1496643,0,0.0,0.0,0.0005634090004923969,0.25777282133485857,0.014547260904894882,-20.71197028663722,24.48608841967505,0.9999979132303523,-74.82930962572122,-3248.623270677431,829.5133847203575,28563.122394875038,17,8.51,-0.021353172,0.18300000000000002,1.0472537,0.8907631,0.99999684,0.640495,0.0004101758,3,0.915
2.93113091952011,1485340,0,0.0,0.0,0.0005163952054864772,0.25559453036107427,-0.009029977607183383,-33.930358270720085,21.580832068270364,0.9999976875806572,-73.601230155048,-4134.067868580175,451.04148632233057,26956.467520224043,18,9.0,0.0017424965,0.18200000000000002,1.0335296,0.8983819,0.9999945,0.6320663,0.0005416396,3,0.91
2.947009835460359,1495202,0,0.0,0.0,0.00022277689223043897,0.25284017946001475,0.018128423203096978,-17.36699401554114,26.530215847932645,0.999997490796027,-69.0166382090349,-3029.0668433906367,439.69955136247165,25488.246180746744,19,9.49,-0.024614077,0.18100000000000002,1.0375605,0.89030707,1.0000441,0.6221519,0.00056803215,3,0.905
2.9287330123404294,1462753,0,0.0,0.0,0.00018712206065446747,0.24852926397224864,0.004927692971555659,-25.06603021739272,22.191004987659795,0.9999971419191518,-71.9227351001169,-3375.9578406293876,590.1135954805304,26386.018562834928,20,9.98,-0.012258057,0.18000000000000002,1.069872,0.8620542,0.99997956,0.6127462,0.00048477083,3,0.9
2.936277049859676,1484065,0,0.0,0.0,0.0001319286131406758,0.24730578868811973,0.019991921783014645,-22.29313847745244,18.611260932305612,0.9999969371197595,-69.97108584690807,-3119.306406285083,252.08605193054285,26244.052116668143,21,10.47,-0.029150918,0.17900000000000002,1.1070206,0.8297064,0.99997914,0.6031298,0.0005259401,3,0.895
2.88672235802716,1470246,0,0.0,0.0,0.00022998982497005472,0.24598658954316296,-0.04249916046456848,-37.06292580155168,39.49421657818471,0.9999971681895694,-68.63083519014185,-4863.2391800221685,145.00483041884834,25787.94374852785,22,10.95,0.035119798,0.17800000000000002,1.0681494,0.86215276,0.99998033,0.5936836,0.0005215576,3,0.89
2.9169947226124044,1485773,0,0.0,0.0,0.00016034882353304204,0.2456312515859282,0.008395233470745793,-40.03228537982446,35.23772901579159,0.9999966617636933,-68.0678309523976,-3484.196826586711,399.11096838140486,24237.316988946204,23,11.44,-0.016939567,0.17700000000000002,1.0519621,0.8714,0.9999898,0.57902455,0.0006155918,3,0.885
2.92395970598445,1483595,0,0.0,0.0,0.0002035111087126294,0.24260908836604214,0.0273848091726629,-36.126434005604445,44.28959068159415,0.9999966420615154,-69.6063120366508,-3261.6244619258437,634.1353035399009,24722.78206332098,24,11.93,-0.03550326,0.17600000000000002,1.080114,0.8457507,0.9999594,0.5666645,0.000575373,3,0.88
2.8739025905241498,1442488,0,0.0,0.0,0.0001501924437251374,0.2375904544944046,-0.05097094119831368,-38.61042628176905,38.72922280951749,0.9999963901559021,-65.49617425241277,-3464.256772215008,542.999388267687,24578.901545300003,25,12.41,0.041716672,0.17500000000000002,1.098648,0.82259345,1.0000734,0.5559587,0.0005795913,3,0.875
2.865312538954833,1443980,0,0.0,0.0,7.428733401803133e-05,0.2364567534437265,-0.06650424114423092,-23.72782713849532,32.88627298134244,0.9999960875777667,-67.21205267825982,-3234.973871542831,134.00972635585117,24111.054138398835,26,12.89,0.056189276,0.17400000000000002,1.1500227,0.7910482,0.9999979,0.54162216,0.0006260466,3,0.87
2.9179430414513465,1447263,0,0.0,0.0,0.00015951869980803792,0.23772969148287088,0.044513211393535916,-32.559291390389674,24.316254328301206,0.9999961056975597,-68.51114999554343,-4260.834246141438,280.95913694387855,31729.074553705548,27,13.36,-0.056379765,0.17300000000000001,1.1996263,0.7628723,0.99998367,0.5277391,0.00074759097,3,0.865
2.9033662152106774,1474267,0,0.0,0.0,6.757130629655319e-05,0.23933450774207596,0.0286811092929011,-34.456612897589544,25.326383552515814,0.9999958057344501,-66.06072044329383,-3341.35834226967,301.80251791918073,24855.729096914307,28,13.85,-0.04188906,0.17200000000000001,1.2531576,0.7203755,0.9999418,0.5139649,0.0009775925,3,0.86
2.8705838634735072,1463921,0,0.0,0.0,7.480401209393215e-05,0.2404470749130217,-0.03358762470536107,-30.17565479235085,24.28686989979228,0.99999558636625,-65.23086581402004,-2781.0392002996714,347.8767315546322,24909.92843289616,29,14.34,0.026868967,0.171,1.1063168,0.80796295,0.99999344,0.501721,0.0006088286,3,0.855
2.8796862486552586,1462177,0,0.0,0.0,0.0020187515750477556,0.2411743302736356,-0.007196011241560577,-47.545371076235355,40.021046664463974,0.9999964143809847,-66.46664763568221,-5865.66841315897,305.90528494422733,33244.940886768745,30,14.82,0.0007121873,0.17,1.0654714,0.8435377,0.99999493,0.48792392,0.00048406477,3,0.85
2.8971046007045227,1464254,0,0.0,0.0,0.00019721874256014226,0.24247031151396936,0.029770897278352502,-32.07530563152269,34.93645223328907,0.9999967395336983,-66.603879367979,-4141.258209747042,498.58631615587984,28472.025205680657,31,15.31,-0.039216727,0.169,1.0975657,0.83237225,0.9999873,0.47418144,0.00051631086,3,0.845
2.8776953359201674,1452741,0,0.0,0.0,0.0003178824377224699,0.240635826889545,0.0015836039230585036,-32.70996264954539,34.491427725464376,0.9999958626176618,-62.90911364388139,-3791.817153469262,773.6187620216318,24897.83784754024,32,15.79,-0.011675978,0.168,1.2134136,0.73999363,1.000023,0.45814422,0.00094614463,3,0.84
2.9186184536886115,1467544,0,0.0,0.0,0.0003432153001725036,0.2373232871820941,0.07955320698681487,-60.55562542972748,53.051545312616234,0.9999964341192368,-64.89594283146026,-5161.676138689328,1051.4134757901268,29122.23272943539,33,16.28,-0.08255169,0.167,1.1251229,0.8206689,1.0000058,0.44409046,0.0005354086,3,0.835
2.8575601712048537,1440847,0,0.0,0.0,0.00022668863796370913,0.23234987302166787,-0.027235615479423964,-28.910775272734213,36.453456627312114,0.9999958585768656,-61.06024021706535,-3765.425823140825,268.40152318073604,25258.44739083662,34,16.76,0.02188289,0.166,1.0723226,0.8494134,0.99999446,0.43195638,0.00036798976,3,0.83
2.8885022757890417,1443016,0,0.0,0.0,0.00012582735220256376,0.23318844657462476,0.03747733961651451,-65.95426155562153,69.29421640200395,0.9999963459558323,-62.588833309283956,-4649.201021947878,478.3274160749701,26801.127084408687,35,17.24,-0.04153402,0.165,1.0638112,0.85830885,0.9999839,0.4185199,0.00029903575,3,0.825
2.8714442578389243,1451666,0,0.0,0.0,0.00044344094215733394,0.23162599475343343,0.005907888147866424,-50.94051580999911,66.43457631352496,0.9999966532353706,-61.88487269940651,-5399.526202603772,1021.9944291362626,27509.136519487663,36,17.72,-0.009963624,0.16400000000000003,1.0913228,0.8423518,1.0000036,0.40871808,0.00031769768,3,0.8200000000000001
2.8449458761067334,1445018,0,0.0,0.0,0.00024847449489129455,0.229337258679777,-0.0389857529076547,-61.90237410304954,78.52286024800158,0.9999961250411613,-60.83273276094083,-3448.332563170087,759.8933964525864,23932.80738115038,37,18.2,0.03525127,0.163,1.137603,0.81054556,0.9999985,0.39768475,0.00038374856,3,0.815
2.8081629055007054,1418000,0,0.0,0.0,7.953858822304803e-05,0.22538982333650692,-0.1117504043604339,-27.22308720669001,38.67873809680969,0.9999959491649107,-60.81872383268426,-2789.615663258209,250.4632075165186,20512.7548360863,38,18.67,0.1090023,0.16200000000000003,1.0911165,0.8477875,0.9999925,0.3881109,0.00029157143,3,0.81
2.85706654986941,1424691,0,0.0,0.0,0.000277827924081393,0.2245035766905487,-0.009558307711535104,-36.85229865649976,42.33785161110806,0.9999961076105975,-61.720397849963724,-3971.546695103842,685.5416178961564,26623.904134234286,39,19.14,0.006789393,0.161,1.0352561,0.8958594,1.0000111,0.37630177,0.00020768798,3,0.8049999999999999
2.8381188756730107,1427912,0,0.0,0.0,9.127602192808162e-05,0.22277958234059034,-0.05265485573817951,-32.82352402457272,31.567897157052695,0.9999952605061133,-59.61014866383925,-2945.9490127693048,233.41015361074938,22467.905664605943,40,19.62,0.048743185,0.16000000000000003,1.0844573,0.85203135,1.0000012,0.36762074,0.00017748079,3,0.8
2.873513661339428,1433388,0,0.0,0.0,7.041046691827264e-05,0.2229379950855974,0.036261728009354524,-37.20145444371616,56.969854984145094,0.9999947163970304,-59.56516258609615,-4264.436170922111,238.6983481520632,25254.766038055146,41,20.1,-0.041950077,0.15900000000000003,1.2219697,0.76053804,1.000003,0.35914567,0.00035772458,3,0.795
2.8710082637334757,1450434,0,0.0,0.0,3.706802736878146e-05,0.22577986243643064,0.034098364527222896,-43.57303757128864,41.54321653625087,0.9999944856867439,-60.28120731805499,-3608.0593915691793,189.28596288794947,22391.75298860829,42,20.58,-0.038207,0.15800000000000003,1.2639401,0.75154513,0.99997365,0.34887984,0.00036625395,3,0.79
2.858943061739997,1438646,0,0.0,0.0,3.3717602347157066e-05,0.224046570406146,0.008304322231045934,-36.77731978062349,37.852342601365606,0.9999940510785426,-59.511313690712775,-2705.575869606069,105.70576326841112,22266.576308074975,43,21.06,-0.012617899,0.15700000000000003,1.2322835,0.75392944,1.0000126,0.34230396,0.00032426557,3,0.785
2.8718272373777687,1445822,0,0.0,0.0,3.711965125161834e-05,0.22545774852466363,0.046150960549521766,-52.72939964342076,32.24450855623477,0.9999942954936928,-62.101412646684224,-3120.045050005764,189.62586199254943,23482.5884683768,44,21.54,-0.051772166,0.15600000000000003,1.2665825,0.7369541,1.0000577,0.33341902,0.00047008353,3,0.78
2.8478888626575123,1444411,0,0.0,0.0,4.045000987888425e-05,0.22541906074727855,-0.014588115004964548,-50.73290408498502,45.56293617987403,0.9999948073201685,-58.8627284109876,-3285.915250314804,169.78521186429322,22020.3396156479,45,22.01,0.011627659,0.15500000000000003,1.0513319,0.87663525,0.9999876,0.32689428,0.00014405088,3,0.775
2.8395630452883465,1436396,0,0.0,0.0,4.424959123822227e-05,0.2249395340676968,-0.038188126869366255,-52.01099268740843,54.6612038190966,0.9999940894095756,-60.71210911489039,-3218.0243101917677,217.49882968335623,24950.056333328637,46,22.49,0.03526183,0.15400000000000003,1.069112,0.8694112,0.99997735,0.31898874,0.00015109256,3,0.77
2.862363187704691,1434173,0,0.0,0.0,4.1606893805280976e-05,0.2239720721304937,0.031188767978171605,-39.118035582864515,41.86487992886294,0.9999940277357866,-62.224318775971355,-3633.666982011593,241.5339584729278,27032.711275475867,47,22.97,-0.034357805,0.15300000000000002,1.0783485,0.8627839,0.9999932,0.31208992,0.00015060119,3,0.765
2.8973580442450073,1461001,0,0.0,0.0,5.4891318690694026e-05,0.22770476217203725,0.1307965606056593,-39.92326842021493,47.31225525064197,0.9999944471850422,-62.97341276757772,-4584.252348009134,453.4217408226562,28798.50993383804,48,23.45,-0.13321218,0.15200000000000002,1.0199081,0.9146646,0.99999523,0.30509135,9.047228e-05,3,0.76
2.826176647785498,1420816,0,0.0,0.0,4.313812337617849e-05,0.22406258314177,-0.07689825647398173,-42.86558419770991,46.43538223633998,0.9999935213250333,-62.07475504223496,-3287.898963419971,163.989073589837,24782.31028842856,49,23.93,0.07411886,0.15100000000000002,1.0757731,0.8497447,1.0000182,0.3003108,0.00011063578,3,0.755
2.863372216478517,1436355,0,0.0,0.0,4.806346001059742e-05,0.22569614392486276,0.045525629464374946,-45.967875545074435,50.45244323968136,0.9999934809274356,-61.959908590042204,-4659.407192174623,115.23783873447553,27001.73382244601,50,24.41,-0.047992893,0.15000000000000002,1.0322492,0.8980398,0.9999852,0.29160836,8.048274e-05,3,0.75
2.8398536188330445,1441169,0,0.0,0.0,2.7147159053740698e-05,0.22575339024743965,-0.02657626030787929,-55.83265564537879,44.106572634569396,0.9999935624122875,-61.44958833888391,-4072.2939398218286,206.2844415411892,25089.17899128114,51,24.89,0.024060698,0.149,1.0437164,0.8856395,0.9999996,0.28663304,8.185884e-05,3,0.745
2.8672430837207084,1447563,0,0.0,0.0,6.162802948988247e-05,0.2245703492818372,0.060537519685018304,-42.79659922723585,35.095045543434296,0.9999937548969772,-60.05466016875852,-3802.34189734659,582.9740128124722,25750.752543372928,52,25.37,-0.062839076,0.148,1.0276334,0.9151369,0.999991,0.28173226,7.1427305e-05,3,0.74
2.842906848125901,1428420,0,0.0,0.0,1.8812667697780375e-05,0.22397943109978508,-0.01521882277673975,-38.486765595476,28.53527003105418,0.9999931161929124,-58.59839447809069,-3217.059220339583,156.03853045824297,23369.169426899036,53,25.84,0.012884502,0.147,1.0713649,0.8694195,0.9999953,0.27616957,8.0726546e-05,3,0.735
2.8403490552510724,1436678,0,0.0,0.0,5.540087549572409e-05,0.22528483365213542,-0.022634160734296308,-38.64456344222681,25.950486614708353,0.9999931200725677,-57.66537399479692,-2947.670152197673,314.2270487813743,23522.58631250941,54,26.32,0.020074688,0.146,1.0642619,0.87779266,1.0000206,0.27186197,0.000107237225,3,0.73
2.818273948509993,1424859,0,0.0,0.0,1.5157989253119584e-05,0.22484733041411165,-0.10234612235890098,-51.16318531681909,28.761138827164363,0.9999927055266401,-56.15497051017971,-2621.073807782684,81.53427494073219,22870.322351516814,55,26.79,0.09983042,0.145,1.1529031,0.81469727,0.99998647,0.2672827,0.00019658073,3,0.725
2.8475562586195164,1440046,0,0.0,0.0,3.9455412199594106e-05,0.22772771591032198,0.0068845832102162425,-51.63432907380698,62.87837432393188,0.999992983870265,-56.94223540397563,-4370.274581844215,76.81154996362568,25088.46225187032,56,27.27,-0.008908019,0.144,1.1295254,0.8258988,0.99999607,0.26291153,0.00019868906,3,0.72
2.8352047937589844,1437202,0,0.0,0.0,2.7312153093893437e-05,0.22865152746543163,-0.03334869935519195,-59.91254751493995,60.12492766109709,0.9999929634995247,-57.92776997777014,-3703.641506050352,231.21712544569564,24821.764246173705,57,27.75,0.03153242,0.14300000000000002,1.066571,0.88358206,0.99998045,0.25951266,0.00014867683,3,0.7150000000000001
2.8301393199131564,1415878,0,0.0,0.0,2.2199055973793792e-05,0.22889326952143904,-0.05055648719790193,-56.192160052202425,27.61203013703997,0.9999931253120813,-57.600318871950506,-3053.887842613968,127.04818625958517,23934.61689285496,58,28.22,0.047010332,0.142,1.2461808,0.7499606,0.9999962,0.25434357,0.00015645832,3,0.71
2.8382103750957555,1434647,0,0.0,0.0,2.2540516665252364e-05,0.2295979288957108,-0.022402786690152852,-45.91924580893241,32.723986025476435,0.9999923571067776,-58.67356180037399,-3256.9612119223716,151.2642757186233,23993.611676962995,59,28.69,0.021063592,0.14100000000000001,1.261378,0.7320857,1.0000129,0.2505638,0.00017580867,3,0.7050000000000001
2.8599490876163194,1433443,0,0.0,0.0,1.6064777144265973e-05,0.23114491280479255,0.06429958193448006,-43.47447770931641,20.59868996696337,0.9999918704688923,-56.66838605554548,-2687.4187200187785,115.85193876490081,23251.81589677833,60,29.17,-0.06600139,0.13999999999999999,1.1042078,0.8649693,1.0000122,0.24423797,0.00010160603,3,0.7
2.8579794298378722,1436644,0,0.0,0.0,1.42746350099643e-05,0.2312546203033007,0.058855460382978994,-40.55935789561152,39.58362544133555,0.9999918710914832,-56.515387194307586,-4273.095640726399,111.67735198767176,24793.369874079774,61,29.65,-0.06071866,0.139,1.1163276,0.8456414,1.0000103,0.2419769,0.00020443759,3,0.6950000000000001
2.872204506087498,1441561,0,0.0,0.0,1.5257125892176065e-05,0.23363956293084132,0.11206984522324548,-55.19387732334655,31.723854205602585,0.999992247365881,-57.618392127737295,-3249.3321614458964,114.5646414769613,26471.999406929648,62,30.13,-0.11674938,0.13799999999999998,1.3370677,0.70778984,1.0000203,0.23803651,0.0006626952,3,0.69
2.808956476908731,1419844,0,0.0,0.0,3.436462689320283e-05,0.23293062232971826,-0.13884421976257807,-42.08553736886707,37.09160728350364,0.9999916460531583,-55.381952546136446,-3020.0980323169724,66.04508922299276,23160.599098637093,63,30.6,0.13836533,0.137,1.213208,0.78256637,1.0000131,0.23621634,0.00046306555,3,0.685
2.8385367448423007,1452925,0,0.0,0.0,2.3044105372335266e-05,0.2387707132409877,-0.011352908611401896,-42.171991602316254,28.659862672518653,0.9999918986838071,-55.442582734693836,-4248.026778093716,101.14269987974384,24350.93904805128,64,31.08,0.009682577,0.13599999999999998,1.1328583,0.83563167,1.0000265,0.23127158,0.0003200341,3,0.6799999999999999
2.85649726198216,1444293,0,0.0,0.0,2.048429447373551e-05,0.24043910893111478,0.060449604227649785,-51.46486809971758,32.88194164088928,0.999991726325691,-55.75984741369581,-3305.5756588285017,112.60568769149168,24713.51890350181,65,31.56,-0.062344912,0.135,1.1213572,0.8521743,1.0000031,0.22755197,0.00035849915,3,0.675
2.8686773750808605,1460845,0,0.0,0.0,1.725715643586684e-05,0.24464041840230832,0.11929360907432565,-50.01610708254216,33.30454829775312,0.9999912901658818,-54.82050616807642,-4048.730307739873,159.57849833123856,23596.750486197012,66,32.04,-0.12219175,0.13399999999999998,1.1369463,0.8394668,0.999984,0.22302139,0.0005753451,3,0.6699999999999999
2.8134449600509215,1439082,0,0.0,0.0,2.403943474017982e-05,0.24520337282284202,-0.10987274883399968,-43.29231855588697,29.375129183978792,0.999991972829836,-54.66982029292567,-3902.557177164083,108.35249528082576,24589.38879681548,67,32.52,0.1051268,0.133,1.2100301,0.7861095,1.0000399,0.21945433,0.0010731585,3,0.665
2.841138155118459,1447887,0,0.0,0.0,1.7205889622103908e-05,0.2513356130558896,0.0026217663317847956,-52.24007732307415,35.070423833129574,0.9999914001863188,-55.326729147619936,-3173.282982858199,111.67250242575517,24589.276072493114,68,33.0,-0.004423921,0.13199999999999998,1.1369004,0.83825064,0.99997747,0.2137451,0.00091696484,3,0.6599999999999999
2.8806091131888687,1471779,0,0.0,0.0,0.0004174360278502871,0.25705717560773755,0.10309810309647277,-56.06613614391996,58.085958763034306,0.999994879456776,-55.41787918981636,-5463.435886537405,129.2825093668933,31200.81948962577,69,33.49,-0.10530244,0.131,1.3246386,0.7150725,1.0000273,0.20931323,0.00032843315,3,0.655
2.8373607934247396,1445783,0,0.0,0.0,5.346108965217076e-05,0.2562084423610722,-0.0068282815123711345,-40.61748505573753,46.370415561195635,0.9999926816497791,-54.278291395381494,-2989.9447587531677,256.08245076792696,22645.27109471707,70,33.97,0.005230649,0.13,1.5278503,0.6261482,0.9999847,0.20573187,0.00039538485,3,0.65
2.829959401358118,1435516,0,0.0,0.0,6.206984905601165e-05,0.2561844028350375,-0.033385125959933024,-38.00043201450779,73.38158713004871,0.9999924203466399,-52.83349918826827,-3703.9854561908983,208.14333130703625,24989.0355277242,71,34.45,0.032335263,0.129,1.4766346,0.6455896,0.9999743,0.2005382,0.00029050454,3,0.645
2.8500438526964738,1444609,0,0.0,0.0,2.8427477528587156e-05,0.25789427776920154,0.05154955371486403,-56.90650158246488,70.5168504205511,0.9999912270886435,-52.19204887874303,-3474.3878602750387,254.91204255826253,23537.9859334832,72,34.93,-0.05260668,0.128,1.250391,0.75876427,1.0000037,0.195764,0.00018422303,3,0.64
2.8235508504351055,1448729,0,0.0,0.0,2.6496687286209927e-05,0.25844752357147444,-0.066704823503608,-37.13072784550029,38.37262479339587,0.9999907837789136,-51.69470997160585,-2818.2482948461443,165.0992390572028,22034.65550639019,73,35.41,0.06545071,0.127,1.1174929,0.8500105,0.9999906,0.19250257,0.0001716547,3,0.635
2.8250392298757108,1452337,0,0.0,0.0,1.7673348363671187e-05,0.26087577730847966,-0.05281047457367173,-39.52857451694574,79.24880593064317,0.9999916480162762,-51.57296312852725,-4115.241292778758,231.45431852890084,23889.35149326265,74,35.89,0.051991064,0.126,1.0683507,0.8853527,0.99999124,0.18747254,0.000116440104,3,0.63
2.8557190509312087,1463582,0,0.0,0.0,2.5333301122133558e-05,0.26347117794486213,0.08471173786026573,-51.94190837133068,57.184199218666635,0.9999908208654599,-52.94160493795798,-2998.609719785238,250.64393406862354,24022.385193616898,75,36.38,-0.085794404,0.125,1.0461477,0.9162778,0.9999879,0.1832725,9.353661e-05,3,0.625
2.849680059386867,1466991,0,0.0,0.0,1.1330124097052082e-05,0.2639734658721789,0.061036679526745574,-42.477149335192934,70.63056234075874,0.9999904027205975,-51.30589001610656,-3728.9035458377207,122.84299314894284,22729.11898292357,76,36.87,-0.062518634,0.124,1.1558224,0.828561,0.9999927,0.1799984,0.00015564865,3,0.62
2.860051074591217,1451994,0,0.0,0.0,0.005541694336515756,0.26500161163240454,0.020344118644142106,-50.21126732500133,45.52369547672098,0.9999984299263344,-56.07089994003631,-9332.207907231817,77.19480166087493,50649.915696999284,77,37.35,-0.020445915,0.123,1.1527541,0.83747184,1.0000098,0.17721772,0.00011391199,3,0.615
2.8127798739675605,1430108,0,0.0,0.0,0.0005548879965257055,0.26305891089732025,-0.02555748792711916,-87.0100646503782,89.19648723311329,0.9999977262843777,-52.473954644301365,-4391.594607441117,1043.816452276423,24415.98683699989,78,37.82,0.025551492,0.122,1.0720866,0.90580076,0.9999993,0.17609942,3.7285023e-05,3,0.61
2.8339860559716548,1452378,0,0.0,0.0,0.0011883088126868053,0.266167835365014,-0.004490841283552431,-71.33132694037457,60.68210145852935,0.9999961764527349,-53.916997415972524,-4485.354055751915,589.2969429111022,26886.921360734515,79,38.3,0.0032333974,0.121,1.1559153,0.8378565,0.9999956,0.17440148,7.827158e-05,3,0.605
2.802037830566765,1442220,0,0.0,0.0,7.912134692030245e-05,0.2638350541198333,-0.0931215821182313,-32.299145144154124,55.02211277816722,0.9999947382308222,-50.57640996585159,-3328.9114963391917,132.83930129957582,21344.206626442825,80,38.78,0.0912761,0.12,1.3598629,0.714086,0.99998546,0.17414783,0.0003265838,3,0.6
2.8404386643272335,1457333,0,0.0,0.0,8.101309297426954e-05,0.2640636719154756,0.012792866623880359,-55.465157628823064,20.812556183832683,0.9999934961279038,-52.73433766147281,-3176.93327713952,146.23101936586667,22601.73038735871,81,39.27,-0.017004833,0.119,1.5303421,0.61926246,1.0000476,0.17366458,0.00083769974,3,0.595
2.791254037503925,1426624,0,0.0,0.0,8.073107309616512e-05,0.25860488134509674,-0.16084846191661192,-41.99331248476515,70.6867079622372,0.9999930331407316,-50.05427975145466,-4218.991138089411,98.58379364150909,21568.27251812842,82,39.74,0.16127548,0.11800000000000002,1.2968494,0.74396324,0.999971,0.17425427,0.0005362502,3,0.5900000000000001
2.8028827488257377,1416634,0,0.0,0.0,5.141039207592586e-05,0.2561605947829426,-0.11576894582226978,-37.71350236982769,26.578030832099362,0.9999933054418504,-53.339156343147835,-3246.4708633659434,369.61694667326674,22532.65225613953,83,40.22,0.11545485,0.11699999999999999,1.2772392,0.78320795,0.9999989,0.17368875,0.00012811454,3,0.585
2.8629435586449676,1454430,0,0.0,0.0,7.733540825870118e-05,0.2577541632860738,0.08813980041916544,-54.90115555764563,43.33958991292079,0.9999929798504462,-51.62919087072015,-4120.191646736862,348.0355338978857,25603.272009670964,84,40.7,-0.08878795,0.11600000000000002,1.297959,0.72529787,1.0000092,0.17328483,0.000101088845,3,0.5800000000000001
2.855229273207275,1451129,0,0.0,0.0,3.5071390484474525e-05,0.25748667026398975,0.06638511357673356,-39.9328484355376,72.6579974200788,0.9999925994919804,-55.065147759286994,-4078.767087686159,187.37672847464802,24594.592073148327,85,41.18,-0.06650664,0.11499999999999999,1.1644713,0.84236073,0.99998456,0.17273173,5.029398e-05,3,0.575
2.8474509154830723,1431867,0,0.0,0.0,0.00016796199979274518,0.25540659176417096,0.03573063812212756,-56.96635397358533,67.90972393712819,0.9999929744752455,-52.51904909229729,-5104.797676254708,560.8751868032019,25593.08695756555,86,41.66,-0.036259685,0.11400000000000002,1.1716125,0.83603936,1.0000008,0.1715239,4.4884197e-05,3,0.5700000000000001
2.829878027892722,1430409,0,0.0,0.0,0.00016794748771152882,0.25564526108480456,-0.019914924532537855,-34.31020727217479,67.96142460301084,0.9999936977424454,-53.817764610654436,-5394.478695404034,858.8764224147828,25224.631026815354,87,42.13,0.018272107,0.11299999999999999,1.3621279,0.72296774,0.99998224,0.17054252,0.00019360374,3,0.565
2.8230783308549126,1437071,0,0.0,0.0,6.942651544648108e-05,0.2548202148750784,-0.047971248557681846,-39.32019954245885,26.41898148035856,0.9999926800909642,-54.18263081917215,-2660.684272299115,106.59678925292151,23925.716804597134,88,42.61,0.047761604,0.11200000000000002,1.2293619,0.7989019,0.99999994,0.16981053,0.0001939592,3,0.56
2.834387731078322,1452646,0,0.0,0.0,8.67742031226077e-05,0.25790584580984666,-0.004451187043381352,-86.47186438942282,114.6998018131979,0.9999934105055553,-53.47165142037952,-3683.222596605688,137.89798094852983,23824.547448078396,89,43.1,0.0042393953,0.11099999999999999,1.0735104,0.9159995,1.0000085,0.16752557,2.8865921e-05,3,0.5549999999999999
2.849198572826355,1454343,0,0.0,0.0,5.5575698426003835e-05,0.2587308747274449,0.039648617181050026,-37.538746789074246,58.023139783300365,0.9999935258636486,-55.759991628270676,-3852.3928601995176,152.64182201868104,24152.54767221896,90,43.58,-0.041987382,0.11000000000000001,1.1620979,0.8439512,1.0000077,0.16548966,0.0001842847,3,0.55
2.841677595842178,1457109,0,0.0,0.0,3.628533327758586e-05,0.2608672675574565,0.020444523552090553,-42.48042682977707,47.65752897880294,0.999992646689399,-54.16205589640504,-3766.8192855517796,139.01048034832655,22315.341358977214,91,44.06,-0.02108689,0.10899999999999999,1.2366486,0.793609,0.99998325,0.16238111,0.0003108813,3,0.5449999999999999
2.8166285428617193,1442231,0,0.0,0.0,3.8370535259301746e-05,0.2605837963473378,-0.07728406259441441,-37.26637947998186,66.22793594750743,0.9999921451339973,-54.78977265418572,-3875.0986354351558,217.07470884639724,25372.181620104955,92,44.54,0.07671658,0.10800000000000001,1.1783277,0.83206856,0.9999985,0.16077943,0.00022651191,3,0.54
2.8400407246692145,1461522,0,0.0,0.0,4.502136184943236e-05,0.26401155820980493,0.01589443167276842,-41.180750798279746,83.86663583572113,0.9999920056298826,-55.405884794914456,-4368.852846124446,197.87173761116418,23817.077858975645,93,45.03,-0.016975094,0.10699999999999998,1.1718311,0.83454686,1.0000303,0.15799996,0.0002394684,3,0.5349999999999999
2.842002960718835,1452350,0,0.0,0.0,2.040122462620254e-05,0.26444570680988777,0.02091056332219116,-36.588872345319324,88.92955631406325,0.9999923241498985,-56.29494194473956,-4581.810762388314,163.8515846146842,26212.941254665046,94,45.51,-0.02222071,0.10600000000000001,1.2770736,0.7443892,0.9999975,0.15606658,7.777254e-05,3,0.53
2.8510442122307014,1467422,0,0.0,0.0,2.3831694833092734e-05,0.2658194377431217,0.055933676623632404,-34.29356719453369,42.835271138489354,0.9999927245477406,-54.833814646954096,-3413.652100899153,119.443746893856,24151.339008171028,95,45.99,-0.057019986,0.10500000000000001,1.1200267,0.8614638,1.0000178,0.15321563,9.435672e-05,3,0.525
2.815233555701735,1451795,0,0.0,0.0,9.728002965069067e-05,0.26500935081574245,-0.07509898292129011,-92.09609827013492,129.47969664600603,0.9999928715863585,-54.733501426069964,-6356.736240385671,77.75303920477049,26179.213166019937,96,46.47,0.074638896,0.10400000000000001,1.1985917,0.8052543,0.99999946,0.15108098,8.7923814e-05,3,0.52
2.8055931755979517,1450911,0,0.0,0.0,0.00017710699443071907,0.26722201506553694,-0.10184396484100501,-46.99402519155853,68.8897881627223,0.9999932335238733,-54.90876797719918,-4760.317198774828,770.5555265433294,23743.472418098696,97,46.96,0.10012708,0.10300000000000001,1.4069476,0.6980539,1.0000057,0.14934824,0.00012576762,3,0.515
2.843635051015171,1471033,0,0.0,0.0,3.5643544309129836e-05,0.2686961711998031,0.028940320652396774,-38.231352518895314,50.870677137036864,0.9999932311090466,-56.69093137510067,-3033.4537388981594,159.22178644024862,23726.7792561505,98,47.44,-0.029143065,0.10200000000000001,1.2698343,0.7719667,1.0000052,0.1455949,6.851541e-05,3,0.51
2.857742688375791,1466603,0,0.0,0.0,9.00975676260461e-05,0.2671655916969929,0.08708167677540325,-41.574046780194266,130.337711451993,0.9999924289887413,-56.307749861722996,-4753.275964948177,720.3225973203785,23602.007269117592,99,47.93,-0.0880452,0.101,1.074417,0.91159683,1.0000015,0.14460652,0.00011100295,3,0.505
2.8085561065243483,1435653,0,0.0,0.0,3.199945697647809e-05,0.2663866681805485,-0.11419881740620119,-45.058065017797674,24.769244747568848,0.9999912825942265,-54.72052681471278,-3317.783890154258,135.1654034539546,23337.621461406972,100,48.41,0.11354452,0.1,1.1794137,0.8419083,0.9999981,0.14274241,5.6788638e-05,3,0.5
2.864361509163242,1474751,0,0.0,0.0,9.365315121169484e-05,0.27036056800666713,0.13495269739083907,-37.95397342752273,40.109233613288225,0.9999908229713291,-56.773784920303825,-4013.9197033837863,111.21034557986202,24842.331585926186,101,48.89,-0.13555072,0.099,1.2195032,0.81111175,0.9999928,0.13972132,5.32122e-05,3,0.495
2.834046597145842,1451076,0,0.0,0.0,2.9325828635084964e-05,0.270151258488821,-0.004753535172833377,-34.72067797228826,51.22674497060456,0.9999906118556129,-57.17496170809268,-3707.1873089164333,83.389524840253,24377.951644933313,102,49.37,0.004168223,0.098,1.1577668,0.8483433,0.9999876,0.13735531,5.1746065e-05,3,0.49
2.839831800609064,1457318,0,0.0,0.0,1.4218524193098657e-05,0.27049588682383746,0.027097759320266573,-67.11842843975535,27.36665009470975,0.9999900980062335,-54.142787435078745,-3314.0576752934994,121.49290757274062,22827.91829839368,103,49.86,-0.02772783,0.097,1.1072083,0.87156934,1.0000017,0.13601427,5.0007846e-05,3,0.485
2.8118871518828166,1439386,0,0.0,0.0,2.763505418599639e-05,0.2697170778747978,-0.09830646220122183,-48.711998453795694,43.48571690962779,0.9999911155406205,-56.090870941452856,-3745.207617256308,120.03881476879951,26475.829298377175,104,50.34,0.097310595,0.096,1.2675989,0.7688836,0.9999932,0.13408533,6.782495e-05,3,0.48
2.815799701211142,1451192,0,0.0,0.0,1.4534224568115443e-05,0.26992603067101634,-0.08827698944633078,-45.22910346010044,71.69210765452566,0.9999907644335608,-54.576477900489394,-4473.741950976415,112.42551184592392,24476.896310647233,105,50.83,0.08750313,0.095,1.3347414,0.74319905,0.9999923,0.13293079,9.275787e-05,3,0.475
2.8143687909565904,1439634,0,0.0,0.0,2.1009554805114683e-05,0.2695664164091849,-0.09263322281823626,-35.63131049855478,66.67375412395806,0.999990874400991,-55.49054100494373,-4108.712653604099,176.33832072857908,24529.125695355462,106,51.31,0.09185148,0.094,1.3376569,0.7317158,0.9999882,0.13034469,9.651249e-05,3,0.47
2.8396142668283675,1464432,0,0.0,0.0,1.621774480783854e-05,0.2717033533599839,0.027921393036557163,-81.6907930035012,78.35107224972599,0.9999906214152974,-54.393550675400135,-2756.818121834182,160.54780505512412,22628.38809659128,107,51.79,-0.028224492,0.093,1.2391835,0.7821623,0.9999981,0.12900849,6.108945e-05,3,0.46499999999999997
2.8205103455172202,1440044,0,0.0,0.0,1.5057936847355698e-05,0.2707879338386132,-0.06522551984789225,-41.16041991020241,87.3345156741202,0.9999904514220059,-54.49767398418681,-4469.794229831717,176.56184799059335,23991.011697431513,108,52.28,0.06481352,0.092,1.090596,0.8944746,1.0000014,0.12627201,2.4765563e-05,3,0.45999999999999996
2.8412218566791294,1461448,0,0.0,0.0,1.4885868512338195e-05,0.2721958699820309,0.03542942608517653,-74.67069966241105,93.534908232326,0.9999905949435227,-54.821690937962025,-3757.985535625184,115.46498724760761,25855.311353387617,109,52.77,-0.03618705,0.091,1.1052282,0.8766474,1.000006,0.12514806,5.701559e-05,3,0.45499999999999996
2.794433453330885,1443085,0,0.0,0.0,2.959996312951127e-05,0.2718395603710236,-0.17015841594832912,-49.4821819575378,97.36704842326044,0.9999914250050624,-52.19205049111116,-4100.181408582298,433.7641000544866,22142.71213326784,110,53.24,0.16902035,0.09,1.2300676,0.8049872,1.0000182,0.1235989,0.00013835572,3,0.44999999999999996
2.836572823449334,1455939,0,0.0,0.0,1.701457141948158e-05,0.2731533791381074,0.012338762160261064,-54.519751434865164,30.771112627594174,0.9999911959872416,-54.009276791391635,-3309.90108310088,171.57995140166508,24785.859637217327,111,53.73,-0.012979044,0.089,1.2015766,0.7969944,0.99996585,0.12241414,0.00014235536,3,0.44499999999999995
2.8369626618026396,1453391,0,0.0,0.0,0.00039714748874106,0.274725614979554,0.004545912860517606,-104.37086945004152,112.51697347659572,0.9999952387285276,-52.971340590987694,-4064.9172012466024,1711.7310523066374,23916.021124709307,112,54.21,-0.004575492,0.088,1.0900003,0.8991631,1.0000005,0.1208658,1.7982868e-05,3,0.43999999999999995
2.858802580375777,1475289,0,0.0,0.0,0.00015665298690113475,0.2755058671849104,0.06215155811012875,-64.72783131988815,31.21415288538843,0.9999947869301282,-54.85047405480645,-2941.190475575395,219.69365190370445,25357.851751183436,113,54.7,-0.06425035,0.08700000000000002,1.2941521,0.74880177,1.0000143,0.119607635,8.636723e-05,3,0.43500000000000005
2.801177283109614,1442134,0,0.0,0.0,0.00016453432324732792,0.2743411618185903,-0.09278149491122437,-61.30957484584276,99.77648863510952,0.9999942069540864,-53.48566596002362,-4875.726333183276,107.05692121604301,26005.026914744376,114,55.18,0.09295316,0.08600000000000002,1.2853069,0.75346553,1.0000113,0.11877571,0.00010162491,3,0.43000000000000005
2.8017030024074834,1446739,0,0.0,0.0,0.0002278695283602842,0.27410106802498674,-0.09341644041978765,-52.6722690613287,103.27386592445185,0.9999940418178099,-52.94133200122574,-5640.04634951708,770.842422092707,25263.57650143927,115,55.66,0.093380176,0.08500000000000002,1.1449093,0.84938675,1.0000014,0.1184786,3.2676846e-05,3,0.42500000000000004
2.7807623129430206,1440537,0,0.0,0.0,7.145133251021228e-05,0.2756199812979916,-0.2094069816668049,-40.105443427603916,67.11637220033585,0.9999921856310303,-53.51135991493426,-3557.58036572338,275.9795503761318,24306.77254796917,116,56.14,0.20895095,0.08400000000000002,1.1150024,0.8770274,0.9999968,0.11729496,1.7648637e-05,3,0.42000000000000004
2.8294632044240022,1450813,0,0.0,0.0,5.535842629957255e-05,0.274770586236346,-0.015604286491084283,-69.74387459704414,105.4447850282373,0.9999924855706553,-54.63598098344687,-2856.7171314056363,173.65392646743118,24138.90513915345,117,56.63,0.014408932,0.08300000000000002,1.1455238,0.8594676,0.99998975,0.11624497,3.3021857e-05,3,0.41500000000000004
2.829724342117865,1461812,0,0.0,0.0,6.622048905991876e-05,0.2772339135919527,-0.014307122514088891,-65.37353322792659,81.88218000152108,0.9999930677737818,-55.628004789484294,-4357.620637035991,657.0749177568413,25106.951305405364,118,57.11,0.011986916,0.08200000000000002,1.4614271,0.6740195,0.9999913,0.11528945,0.00027929948,3,0.41000000000000003
2.836084488795924,1468171,0,0.0,0.0,2.0616189298405585e-05,0.27817734369306074,0.011127881388665833,-46.262839092152916,45.61915544322554,0.9999908691473263,-54.57046487607321,-2865.971577733649,132.3107522837335,23830.50732176883,119,57.6,-0.012072457,0.08100000000000002,1.3696358,0.7085845,1.0000058,0.11481119,0.00031930392,3,0.405
2.822678539431328,1445437,0,0.0,0.0,0.00011005099146633116,0.27777889243503645,-0.03472194753346602,-54.208408737521076,71.39809825248884,0.9999933544385348,-54.89413771643381,-6025.448564852806,119.78951675790042,28130.12159970455,120,58.08,0.033898864,0.08000000000000002,1.3145629,0.7505401,1.0000366,0.11473127,0.0002711519,3,0.4
2.8300930593781506,1467880,0,0.0,0.0,9.145543600226366e-05,0.28002800051777116,-0.012522654679182886,-36.71172920794294,44.960934277296424,0.9999946074120851,-55.732681631299286,-3673.092788209207,482.9159942057521,25323.75284608335,121,58.56,0.0124158915,0.07900000000000001,1.0669817,0.91961634,1.0000005,0.11449614,1.8679062e-05,3,0.395
2.7793865552466475,1439119,0,0.0,0.0,5.8548356695589585e-05,0.27811453099191213,-0.23559595544319048,-42.335821244665475,106.92506456665215,0.9999914187138249,-54.827292982346854,-4089.4097585020972,148.8003602006492,22050.06232065149,122,59.04,0.23483974,0.07800000000000001,1.266291,0.7560796,0.9999934,0.113732524,6.450329e-05,3,0.39
2.858591760981632,1471753,0,0.0,0.0,3.413445675548661e-05,0.2815629240410599,0.09749537891353423,-59.96108778033899,86.30586290423577,0.9999918640542566,-56.9121858524381,-3485.6490922190246,146.11675894951836,24874.870151695828,123,59.53,-0.10030859,0.07700000000000001,1.5595392,0.640751,1.0,0.11200821,0.00026306385,3,0.385
2.8619511179153165,1478824,0,0.0,0.0,8.251124280679614e-05,0.2813066770175835,0.1063803924085645,-96.99564229212827,100.9408933582706,0.99999247437933,-55.73718696904638,-4043.782578429497,675.3788458327865,25197.953510938623,124,60.03,-0.10609388,0.07600000000000001,1.4194639,0.66052425,0.9999739,0.11048647,0.00019585111,3,0.38
2.8558288508791025,1465529,0,0.0,0.0,5.7981405904978675e-05,0.2785635276929932,0.0781916383119179,-59.849784414918275,184.82030907751195,0.9999931811465973,-55.08198933260467,-5142.12494105559,359.00822123804016,24083.979169559927,125,60.51,-0.07805232,0.07500000000000001,1.2168065,0.8035273,1.0000048,0.10986506,4.886663e-05,3,0.375
2.823393486142108,1456679,0,0.0,0.0,7.71741663382707e-05,0.2772095708653336,-0.036085352508392454,-40.55971565165758,48.22166213446945,0.9999921156162677,-54.920724364400705,-2925.4773387662453,226.08266978467302,24127.054157655686,126,60.99,0.035605602,0.074,1.1783423,0.8321051,1.000001,0.10921371,4.107957e-05,3,0.37
2.8210957844492035,1453096,0,0.0,0.0,2.537977124105896e-05,0.2779984253767603,-0.05321836826436961,-41.45431877224925,40.09649955480411,0.999991159836768,-54.717118978429895,-2728.3867873996746,102.61957242686012,22822.01693919407,127,61.47,0.053128693,0.073,1.11964,0.8910733,0.9999952,0.10816016,2.2680815e-05,3,0.365
2.8562132241245655,1468014,0,0.0,0.0,2.721858545269443e-05,0.27695740494998516,0.10969743091476025,-64.42900960617055,76.70279742893334,0.9999909325489992,-55.46523792301724,-3330.027481862646,154.8826341194483,23898.956633994814,128,61.97,-0.10998774,0.072,1.0980327,0.90023375,0.9999976,0.108305715,1.7946575e-05,3,0.36
2.823613217072688,1441015,0,0.0,0.0,2.1827972710470337e-05,0.276812066913492,-0.03345900008618082,-119.31551326995826,133.66888925597775,0.9999925947879259,-54.206152816881406,-3247.5054239951087,128.49028796276798,24298.075113967883,129,62.45,0.03335905,0.071,1.029303,0.9575367,1.0000029,0.10614331,2.5061083e-06,3,0.355
2.842878945212133,1447419,0,0.0,0.0,6.375590523475673e-05,0.27751976171936804,0.03550927556138765,-42.71299686780007,68.07947221811185,0.9999929252964016,-56.890883502521575,-3971.657697013099,80.249300397247,28199.05680212452,130,62.93,-0.03652287,0.06999999999999999,1.17643,0.8381971,1.0000119,0.10564885,4.8939124e-05,3,0.35
2.8526423664439426,1467586,0,0.0,0.0,5.079042757052393e-05,0.27795127342702325,0.07827412121579094,-41.29937519757666,79.63782826689415,0.9999921614817688,-55.02685952473099,-3630.794319727942,284.30632679318467,28013.868545931364,131,63.42,-0.07877721,0.06899999999999999,1.2706624,0.79174376,1.0000067,0.10606184,0.00010179617,3,0.345
2.8691122545761423,1472911,0,0.0,0.0,3.3499175350547524e-05,0.27962550437549777,0.14560932148315414,-44.10805040020572,36.85807964434133,0.9999918570867151,-56.034759630140016,-3051.428597158963,304.3643321178681,25295.20803504543,132,63.9,-0.14709708,0.06799999999999999,1.3470953,0.73163545,1.0000111,0.10552123,0.00017682838,3,0.33999999999999997
2.845544859201494,1468517,0,0.0,0.0,2.9066651644336676e-05,0.280282090098041,0.05502230318406165,-39.91880273728615,41.88321275278329,0.9999910540896643,-55.096764469976854,-4030.236212355048,249.03186402888048,25899.07750662096,133,64.39,-0.05572398,0.06699999999999999,1.3355607,0.7344257,0.9999664,0.104840785,0.00018144907,3,0.33499999999999996
2.8251369355428118,1469487,0,0.0,0.0,1.850327951646528e-05,0.28157654938592125,-0.03837295563377512,-51.239700871891124,36.1651693342362,0.9999900434091821,-53.31995027584013,-3286.302334076759,101.15065678644808,22998.392332207743,134,64.88,0.03861497,0.06599999999999999,1.0935202,0.8889713,0.9999998,0.10440909,2.7995799e-05,3,0.32999999999999996
2.869913211315909,1485908,0,0.0,0.0,0.00013832901726252973,0.28252868039879986,0.13446330046235294,-46.42680987496749,42.10922577123978,0.9999924745982572,-55.23047965412758,-4913.484492135714,848.6052000145165,26369.374168373655,135,65.37,-0.13476896,0.06499999999999999,1.131458,0.8561862,0.999999,0.1031782,2.238821e-05,3,0.32499999999999996
2.8472815045513333,1462868,0,0.0,0.0,3.626333081891419e-05,0.2811617713208342,0.053617961987165105,-45.14403785720712,43.935292717019394,0.9999929544269653,-56.116201221314284,-4305.941427951354,99.2617620324603,27496.187248568865,136,65.86,-0.054758202,0.06399999999999999,1.2484058,0.78792053,0.999989,0.102096826,8.309507e-05,3,0.31999999999999995
2.8047318379649737,1452797,0,0.0,0.0,0.0001271215219425564,0.27961751082604197,-0.12434590369351012,-44.10628591037376,21.922281854854734,0.9999911872235643,-54.6129542588869,-3249.5737371400405,280.369262614883,26783.913117321088,137,66.34,0.12363957,0.06299999999999999,1.371526,0.72214,1.000008,0.10168589,0.00013824918,3,0.31499999999999995
2.8796970882700568,1489939,0,0.0,0.0,4.325120278701813e-05,0.2817709909932888,0.2069494855038738,-37.058309266672254,33.862263898421084,0.9999911716249763,-53.35030607267934,-3443.8307653538604,144.85559062898542,23921.72647687011,138,66.83,-0.20968366,0.06200000000000001,1.513042,0.6461615,1.0000025,0.09958609,0.00028744165,3,0.31000000000000005
2.838431787175989,1466000,0,0.0,0.0,3.4850320276453735e-05,0.27833282171970397,0.029044079727769886,-64.44802797133487,32.21978093000788,0.999990584967342,-53.44219288907039,-3216.190022493229,303.52246344032585,24796.9957273506,139,67.32,-0.029672263,0.06100000000000001,1.5483072,0.6074346,0.9999683,0.099074416,0.0002890037,3,0.30500000000000005
2.844591925308764,1463090,0,0.0,0.0,0.006596527811916553,0.2786923118985127,0.008467711950831614,-52.0845200292737,146.8454642569279,0.9999982862555808,-58.18323063202153,-12139.94808788636,80.68663787594583,65428.128101007445,140,67.8,-0.008875041,0.06000000000000001,1.3713789,0.7163204,1.0000086,0.097354524,0.00018376186,3,0.30000000000000004
2.8615632046554835,1466142,0,0.0,0.0,0.0002099670410092633,0.27733900737470774,0.034676449075058784,-159.65191521395727,359.9075421092894,0.9999975206750459,-53.26804707194128,-3843.763089716303,218.01610161454704,26898.432543808416,141,68.29,-0.035449926,0.05900000000000001,1.3417286,0.7435914,1.0000049,0.09676643,0.00015125457,3,0.29500000000000004
2.8497627672057546,1470075,0,0.0,0.0,0.0003184017497354463,0.27739732317477594,0.031706878744815176,-193.79557416844978,281.3865830137227,0.9999956468097774,-53.766006804481606,-5301.271397484201,500.51017021505083,25381.356969667846,142,68.77,-0.03134559,0.05800000000000001,1.2111797,0.80766475,1.0000052,0.09651245,5.8705074e-05,3,0.29000000000000004
2.8601849739338716,1459557,0,0.0,0.0,0.00034136423510391006,0.2756704832522215,0.05271833880887637,-221.83073669335084,396.52254525309223,0.9999958960408144,-52.645149668651506,-6915.598861282529,826.5948148794471,25514.426338215122,143,69.26,-0.052660484,0.05700000000000001,1.1007634,0.90659565,0.9999996,0.096357465,1.4266796e-05,3,0.28500000000000003
2.8189061764616836,1453324,0,0.0,0.0,0.00036675559229188955,0.27456075041595734,-0.05689015950128792,-56.44118673229656,165.0485007309029,0.9999924377746939,-53.133512014320836,-5698.728202044894,126.37450787360741,24770.988089295693,144,69.74,0.056737974,0.05600000000000001,1.0764189,0.92464316,1.0000014,0.0961579,6.3601155e-06,3,0.28
2.842031133764221,1449102,0,0.0,0.0,0.0016662715239101177,0.27496563270331226,0.01752279586475981,-65.55533195596321,344.2322979763369,0.9999957135691555,-52.17585207274866,-6323.169988708872,2159.894816512238,25800.38046050168,145,70.22,-0.017653977,0.05500000000000001,1.125723,0.87268704,1.0000045,0.0962784,1.1705427e-05,3,0.275
2.8410736948576774,1467158,0,0.0,0.0,0.0002542751608463074,0.27698710660701187,0.02228669584789227,-54.604112534239356,234.75313755828668,0.9999945038511684,-51.61725444826574,-5317.903169152842,887.7434530450544,24366.785128036558,146,70.71,-0.022619545,0.054000000000000006,1.044893,0.94914937,0.99999934,0.095527165,1.275598e-05,3,0.27
2.8393623012902074,1466586,0,0.0,0.0,0.00022350009648194332,0.27655270651385305,0.015142744441066162,-38.95903071774561,336.8561718135449,0.9999956397077521,-51.071391081770166,-7375.62347065822,1066.7291273387061,25572.647202888347,147,71.19,-0.015161863,0.053000000000000005,1.055233,0.94205445,1.0000023,0.095821515,1.5904392e-05,3,0.265
2.8591640350925203,1461736,0,0.0,0.0,0.0001289713969166302,0.27538643730596035,0.08338920678198257,-94.06646608727677,95.68958020297265,0.9999934701598823,-52.361992612407555,-4962.1054599541,121.17731472992924,27789.933634152763,148,71.68,-0.08360467,0.052000000000000005,1.116079,0.89292765,0.9999957,0.09647634,1.0886452e-05,3,0.26
2.8168384969862967,1448716,0,0.0,0.0,3.63641926872143e-05,0.2748949723400701,-0.06423555620206718,-68.95047583866601,40.625451580518046,0.9999922921959766,-50.28271411846961,-2957.3015464240516,131.38343672807918,22099.156881487663,149,72.16,0.06414791,0.051000000000000004,1.1351576,0.88539636,1.0000044,0.095852405,1.2306505e-05,3,0.255
2.805349411420562,1442626,0,0.0,0.0,0.000892661580845851,0.2742347716862058,-0.06990064412017424,-42.771923252003795,40.59693212434742,0.9999948048747742,-50.21865596941794,-6315.529631155565,2442.8356893445366,24006.36653054022,150,72.64,0.06939994,0.05,1.1062396,0.9076033,0.9999979,0.096214145,2.398797e-05,3,0.25
2.838627438702579,1453283,0,0.0,0.0,8.197973469726216e-05,0.27445082791266096,0.01624096483451877,-41.90425747475412,88.16925583438504,0.9999942726709844,-54.45904123804636,-5450.158044954506,216.1117293623384,27605.7932560681,151,73.12,-0.016256943,0.049,1.105388,0.9004755,0.9999955,0.09586105,2.4425346e-05,3,0.245
2.832687201182633,1444235,0,0.0,0.0,0.0012823674223519886,0.27320564886077614,0.0010880331644756668,-51.89040960528505,184.53664342721183,0.9999966256863665,-54.76340711495078,-7503.894984480687,2350.390425616626,33577.46601118102,152,73.6,-0.0012190738,0.048,1.0994658,0.89958715,1.000002,0.09617426,7.886947e-06,3,0.24
2.783725860734159,1432469,0,0.0,0.0,0.00011896916921320828,0.272492545826326,-0.12637245557278262,-78.16464703554648,82.61880242141056,0.9999948212312125,-51.41862545172134,-4895.419987836734,245.7448013677441,23855.173580389277,153,74.08,0.12631926,0.047,1.0563047,0.94408536,0.9999938,0.095776685,4.7136145e-06,3,0.235
2.8203799131953162,1454069,0,0.0,0.0,4.3302571845801946e-05,0.27445136549109744,-0.04851312506125089,-37.131270967337606,24.562863699659484,0.9999918593631723,-53.36170911134187,-2706.996872457838,111.1822383387664,21426.55309266875,154,74.56,0.048433885,0.046,1.0530622,0.9410497,0.9999984,0.09584227,4.681969e-06,3,0.22999999999999998
2.8506300423478903,1468314,0,0.0,0.0,9.430969103312632e-05,0.27577022933205475,0.06571247456019533,-77.61236126680531,384.47508593502437,0.9999928152779711,-53.61949011040632,-6206.734532423609,215.42139044171148,27349.354875182536,155,75.05,-0.065749116,0.045,1.0521119,0.94449955,1.0000011,0.09556892,3.027708e-06,3,0.22499999999999998
2.828309623575259,1449825,0,0.0,0.0,0.0004109923168801252,0.2744229276956769,-0.010997846464961892,-85.23828502343173,100.22693494531104,0.999994428279986,-53.98851512313798,-5396.491882968133,1731.3364572049463,27178.67044859284,156,75.54,0.010873267,0.044,1.0683097,0.9276517,0.99999964,0.09552796,4.6699715e-06,3,0.21999999999999997
2.815409445269028,1457301,0,0.0,0.0,5.7543536338872465e-05,0.2738893299781575,-0.04706130887169291,-90.0868414068609,116.58862441935642,0.9999943567230442,-51.76958132429059,-4597.077584866834,134.1900551597085,23845.86614536352,157,76.02,0.046497524,0.043,1.147599,0.86541617,1.000011,0.09532837,2.7991406e-05,3,0.21499999999999997
2.8265269806916424,1452687,0,0.0,0.0,7.759642359055791e-05,0.27381995639653955,-0.02324442723271955,-43.948198330613224,52.02436429801364,0.9999914937763005,-54.72582868237263,-3067.176384700096,251.8614308683758,23401.874393918988,158,76.5,0.023137983,0.041999999999999996,1.152379,0.86900085,0.9999824,0.09549787,2.8357728e-05,3,0.20999999999999996
2.8285432074971695,1452815,0,0.0,0.0,2.8033251739917497e-05,0.27382336441200056,-0.01312259662370856,-43.55147200999125,24.890597654018777,0.999991162873475,-54.39899417127502,-2764.9406574763348,215.23597936670805,23219.953600808476,159,76.99,0.012237584,0.040999999999999995,1.2134995,0.8141095,0.9999985,0.09556153,5.2608153e-05,3,0.20499999999999996
2.8562275317306987,1472076,0,0.0,0.0,9.172849930342468e-05,0.27543263502139226,0.08192186581234345,-76.33983847535504,68.46238007895629,0.999993092108818,-54.60380587556032,-3830.3893833018974,97.84709804295164,25551.629756924118,160,77.48,-0.08258209,0.039999999999999994,1.2215062,0.7948276,1.0000006,0.0955194,7.669981e-05,3,0.19999999999999996
2.8720766638358257,1488368,0,0.0,0.0,2.2503688408310484e-05,0.27735436916035416,0.15212485328507086,-49.64615617549171,25.330975107188717,0.9999920800990031,-54.02583630489241,-2458.546403569769,141.46156848577095,22092.786832014146,161,77.97,-0.15290473,0.03899999999999999,1.2203405,0.8019849,0.99999994,0.094731204,8.966023e-05,3,0.19499999999999995
2.799377086762816,1440329,0,0.0,0.0,3.842210126718742e-05,0.27465546605900665,-0.1457085029468406,-68.89090987342855,56.0161024395514,0.99999118047288,-55.249104795403206,-2703.836996044796,177.69085249270768,23895.722332420788,162,78.45,0.14523947,0.03799999999999999,1.2237853,0.8206295,0.9999833,0.09485107,7.9808364e-05,3,0.18999999999999995
2.8599065624829243,1464080,0,0.0,0.0,4.1995392967460045e-05,0.27685737314126074,0.11958933778314239,-43.51614530940228,107.69168418104296,0.9999910778579519,-55.44795723077151,-4518.713858432204,169.6473490173132,24729.361206194277,163,78.94,-0.12036928,0.03700000000000001,1.2317586,0.79294753,0.99999565,0.09469333,8.324767e-05,3,0.18500000000000005
2.8246584772692658,1464251,0,0.0,0.0,1.6541260710143784e-05,0.27695992558398747,-0.0392539180071976,-40.718306484387696,44.22576304368825,0.999991014107683,-54.953633290604856,-3657.244748554931,85.38356823940535,23544.340470321717,164,79.43,0.03813759,0.03600000000000001,1.2779009,0.7866373,1.0000088,0.09438203,9.750277e-05,3,0.18000000000000005
2.846768072401126,1479535,0,0.0,0.0,2.7268371929806784e-05,0.2791052291844797,0.06250316246079907,-35.5225796431552,46.563268338710074,0.9999911047402216,-54.36023106789017,-3089.6318892685217,221.3151882290229,23661.823356275218,165,79.92,-0.064126715,0.03500000000000001,1.328359,0.734426,1.0000068,0.09383505,0.00013270607,3,0.17500000000000004
2.8241551978394046,1464041,0,0.0,0.0,1.7232862710391027e-05,0.2785467943450472,-0.04373217583637244,-50.012957227820856,38.65945861538847,0.9999899382488944,-53.94647291981846,-3146.5614439123883,125.65830562943611,23868.811474561433,166,80.4,0.043446627,0.03400000000000001,1.2990078,0.77704364,1.0000116,0.09416937,0.000101926315,3,0.17000000000000004
2.8430598393522146,1463201,0,0.0,0.0,0.0012834033208207188,0.28009651772100075,0.019546698421625496,-42.597543933955556,201.01212754602778,0.9999966775073641,-54.985415792382256,-6611.988059557637,3604.0381318870454,27888.62798824726,167,80.89,-0.019943377,0.03300000000000001,1.2365823,0.7949541,1.0000165,0.09302178,7.0645576e-05,3,0.16500000000000004
2.856146096469688,1474204,0,0.0,0.0,0.00018437233385034743,0.28054599451617673,0.05499633886972084,-39.75583039682194,124.76784951892832,0.9999954007169194,-54.37881227775542,-3950.7343878498937,192.79257407579695,25083.730330016813,168,81.38,-0.05525348,0.03200000000000001,1.1749289,0.8419556,1.0000058,0.09362713,5.276965e-05,3,0.16000000000000003
2.8443316320879655,1471667,0,0.0,0.0,0.00011589696713529148,0.2804119550127513,0.040193835117348774,-32.330733306295,24.661043300557367,0.9999931241783476,-52.97885693959462,-2412.757046078966,301.7865116802192,23426.092396690132,169,81.87,-0.040604208,0.031000000000000007,1.1526233,0.85623795,0.9999962,0.09335039,4.4050645e-05,3,0.15500000000000003
2.801260377686106,1451311,0,0.0,0.0,0.00014286330453593007,0.2795840996209503,-0.09370056103102846,-63.41893078676099,186.530374981092,0.999993889034828,-53.75678975596015,-5302.490948729217,837.1323577635411,22790.829444645162,170,82.36,0.093541354,0.030000000000000006,1.1205583,0.8868807,1.0000086,0.093707226,3.3491397e-05,3,0.15000000000000002
2.7883526013152533,1452496,0,0.0,0.0,0.00041285316142201635,0.278846855580173,-0.12985941261659473,-34.39496618707327,148.4036812523187,0.9999942044397091,-51.23384106501806,-5967.036764688457,848.2024283561581,25620.95288293127,171,82.84,0.12993358,0.029000000000000005,1.0584803,0.94024765,1.0000017,0.09350252,1.3124708e-05,3,0.14500000000000002
2.855046070681276,1474365,0,0.0,0.0,0.00012191225955807544,0.2817118458402716,0.07616523263316,-34.90230345276084,30.998930924388716,0.9999929783909088,-53.69923495442341,-3037.775458105011,265.093732609979,25237.909850011878,172,83.33,-0.07631924,0.028000000000000004,1.0541807,0.94612914,1.0000045,0.09273333,9.568768e-06,3,0.14
2.834975032117216,1460276,0,0.0,0.0,0.00011506064749879438,0.28079420582841286,0.007263000018709143,-58.28127855489965,51.56106892322188,0.9999900768553187,-54.59935561459631,-2728.952521462171,294.5922933447234,24761.656016817953,173,83.81,-0.007294143,0.027000000000000003,1.0129236,0.9846882,1.0000007,0.09317377,5.140281e-07,3,0.135
2.8226481322206465,1462646,0,0.0,0.0,1.8239638325030084e-05,0.2810591578262213,-0.05607147894979363,-54.178696793456986,24.806605569828037,0.9999895061469812,-51.11571486593958,-2609.154294773798,110.16905252973122,20903.322183823337,174,84.29,0.055676803,0.026000000000000002,1.0789628,0.92305166,0.99999934,0.092739284,9.060273e-06,3,0.13
2.8168979516704673,1466805,0,0.0,0.0,1.5045637067393312e-05,0.28082740471312523,-0.07902921886816303,-63.41145358769202,64.08641369066338,0.9999901934700952,-52.94337928735596,-3147.5319630828653,121.03461015092185,23755.950147087566,175,84.78,0.078033134,0.025,1.1699845,0.8438841,1.0000052,0.09195247,3.803501e-05,3,0.125
2.8407665918236327,1459499,0,0.0,0.0,3.2028494368505245e-05,0.2809550042516045,0.03900977924313429,-44.11797798825219,76.31457742163992,0.9999896873082991,-52.874051990318236,-2819.66891910088,306.4339420152544,25129.528349616132,176,85.26,-0.03966665,0.024,1.2036726,0.823008,0.9999902,0.09117726,5.2728377e-05,3,0.12
2.7990305777949263,1451380,0,0.0,0.0,2.2322728496763894e-05,0.27927935066456283,-0.15193388289280135,-86.89882082364281,73.43129135399745,0.9999911277600084,-52.28475688826388,-3079.400556776946,186.24558472494766,24966.815608279507,177,85.74,0.15154956,0.023,1.2041469,0.83589506,0.99999976,0.090980425,4.5087287e-05,3,0.11499999999999999
2.859111020966203,1464309,0,0.0,0.0,2.0976021100554098e-05,0.2797295423828708,0.11000307707340946,-94.15477780518081,68.28952755142684,0.9999915634752744,-52.21308848940462,-3716.5848248211396,182.2621376578499,23173.613781332602,178,86.23,-0.10982895,0.022,1.1298195,0.87973154,1.0000032,0.09069204,1.8346587e-05,3,0.10999999999999999
2.84271988666799,1471076,0,0.0,0.0,3.9324773349359206e-05,0.2807044199082817,0.03882430073002654,-85.17679893506316,121.3777812854288,0.9999917951120965,-53.011342671868434,-4656.402972215214,307.74755423547055,28027.821371218404,179,86.71,-0.039008297,0.020999999999999998,1.0944816,0.9071942,1.0000008,0.0902534,1.0678012e-05,3,0.10499999999999998
2.9057206368761466,1493540,0,0.0,0.0,3.639254384318475e-05,0.2820792238314284,0.3266289705333883,-36.393875439811715,36.596185128443956,0.9999908640136957,-52.978164506817166,-3066.719508292263,129.47547537951186,25239.041073490676,180,87.21,-0.32693845,0.019999999999999997,1.1015347,0.89639986,0.9999922,0.089719385,1.4454331e-05,3,0.09999999999999998
2.7930301435456073,1453545,0,0.0,0.0,5.974499821280063e-05,0.27775878141995675,-0.18102837858027174,-69.22484182662016,88.61949601574905,0.999990820916077,-52.38906132467401,-3981.302377701795,145.81400363494777,23323.389237360116,181,87.69,0.18106078,0.018999999999999996,1.0860591,0.91772676,0.9999965,0.08970945,6.7540086e-06,3,0.09499999999999997
2.8565592260433204,1478429,0,0.0,0.0,2.275335281209913e-05,0.28059516538046064,0.10923342947488317,-97.73452409773444,95.62594867829648,0.9999905403136977,-52.75002175740048,-3411.927837390327,188.1515944586941,24005.654018409663,182,88.18,-0.10924975,0.017999999999999995,1.0362773,0.9572436,1.0000001,0.08873102,1.8470498e-06,3,0.08999999999999997
2.8106307603865957,1445541,0,0.0,0.0,1.6246786056877026e-05,0.27982187367475825,-0.12149405199921091,-57.84248654462691,43.807005522394775,0.9999887908804403,-52.87819143278682,-3096.6109663132206,98.68885207354928,24080.29669138745,183,88.66,0.1214507,0.016999999999999994,1.0173464,0.97764695,0.99999976,0.08829114,5.827104e-07,3,0.08499999999999996
2.9007912803795146,1493276,0,0.0,0.0,0.0004779352245272902,0.28071135916465423,0.15209829123454643,-95.84815071477504,107.09691944581206,0.9999955368753348,-54.063667911182975,-6552.853667784397,1550.411389988121,34453.42111471062,184,89.15,-0.15232737,0.015999999999999993,1.0540254,0.9451019,1.0000006,0.08894498,2.0754164e-06,3,0.07999999999999996
2.819227745753868,1452734,0,0.0,0.0,0.0007470439172801519,0.2783609511772691,-0.02520983315808617,-54.016652223326034,74.81915919735992,0.9999960079051866,-52.03411220295942,-4601.146186789704,2400.4669589068585,24363.75415281514,185,89.63,0.02507098,0.014999999999999993,1.07187,0.93049985,0.999999,0.08843765,4.6327264e-06,3,0.07499999999999996
2.861671295985442,1459538,0,0.0,0.0,0.0006882387204872958,0.28004272731259183,0.05548816605340873,-84.03672244506573,61.66895815381608,0.9999959144110083,-53.69548466220799,-4518.062926419549,194.67507748504977,28375.24749149666,186,90.12,-0.055568814,0.013999999999999992,1.074218,0.93060356,1.0000029,0.08834367,4.281604e-06,3,0.06999999999999995
2.8500270211846086,1480320,0,0.0,0.0,0.00015880410147520402,0.2811632337343863,0.06126542481604567,-54.731269954226406,37.204479179661945,0.9999931213999914,-51.59036452230398,-2730.8805266178483,279.2917143020231,23426.0676772508,187,90.6,-0.0615069,0.01299999999999999,1.0762416,0.9243079,0.9999982,0.088607885,5.7668094e-06,3,0.06499999999999995
2.82862421996545,1455865,0,0.0,0.0,8.932708538468368e-05,0.2792528583645587,-0.01681503795332961,-55.78737001105439,96.18093515764168,0.9999918544768381,-51.96704471913214,-4302.160248542494,230.40416799175483,25330.952079531326,188,91.09,0.016847963,0.01200000000000001,1.0570279,0.9416198,1.0000015,0.088365875,2.6990929e-06,3,0.06000000000000005
2.8150405064213975,1453967,0,0.0,0.0,7.762243844125182e-05,0.2790300271611103,-0.07669384275400942,-68.65582411623537,82.05079151616151,0.9999912290119437,-53.421431372135956,-4787.994662847585,542.7756072085847,25332.918313078786,189,91.57,0.076608084,0.01100000000000001,1.0133617,0.9850789,0.99999994,0.08816921,5.8221826e-07,3,0.05500000000000005
2.8183363120864193,1457545,0,0.0,0.0,4.4370129111399744e-05,0.2797731724637134,-0.06666431120977769,-43.74597864324347,75.5933470297977,0.9999909095338256,-52.99586319022643,-4256.579060115586,381.0875680818402,23669.57931199403,190,92.05,0.06655478,0.010000000000000009,1.027389,0.97246176,1.0000001,0.08805628,1.9580748e-06,3,0.050000000000000044
2.8021519865199096,1466459,0,0.0,0.0,1.4952994737222208e-05,0.27954513372462936,-0.15308195903525396,-53.914850086863964,30.746784418246428,0.9999899224035755,-51.26518099905471,-2894.658528306419,99.04139788363105,21137.1588813547,191,92.54,0.15298514,0.01,1.0333824,0.9635611,1.000004,0.08828335,2.6572961e-06,3,0.05
2.8630484348123364,1485956,0,0.0,0.0,9.721437640357093e-05,0.2801196710962874,0.10687398526851001,-90.7291337329874,106.58731197662716,0.999992965375679,-51.89479342547277,-4102.963546487384,488.5191056885047,24933.978094492064,192,93.03,-0.10693352,0.01,1.036124,0.9621105,0.9999945,0.0888739,2.6338914e-06,3,0.05
2.841256056343632,1457769,0,0.0,0.0,0.00013709172700703898,0.2799027110163207,0.034289308078034646,-67.15198103000132,81.85388482817777,0.9999920355706328,-52.60197036803598,-4499.759831549928,211.25687065882164,26487.08044541034,193,93.52,-0.03425586,0.01,1.0171934,0.9814454,0.9999996,0.0875014,4.7814285e-07,3,0.05
2.804162648998583,1449846,0,0.0,0.0,5.167756690128828e-05,0.2776152644923838,-0.1271388107685886,-74.96922944935278,54.96658701672851,0.9999911291110152,-52.92494669189735,-4780.220318288175,121.87786935435064,26217.561417689343,194,94.0,0.12694693,0.01,1.0328902,0.96673924,1.0,0.08829137,1.7139737e-06,3,0.05
2.798482657161266,1446476,0,0.0,0.0,3.2605863005969994e-05,0.2782503218277326,-0.16439842040131766,-38.758774155409775,43.762129504076746,0.9999902172815814,-50.99517629852626,-2753.4292713198292,227.2929856418695,22664.006106500194,195,94.48,0.1639014,0.01,1.0707028,0.9320417,1.000003,0.08780548,7.2385255e-06,3,0.05
2.8143395218561458,1460230,0,0.0,0.0,2.9572215728550374e-05,0.2789443767206783,-0.0821315372558654,-94.55316527187303,58.79937916984204,0.9999910879623026,-51.42158566487199,-3961.3635460136666,158.27602571780488,24282.231591840864,196,94.96,0.081846476,0.01,1.0873139,0.91666454,1.0000038,0.087431,9.940875e-06,3,0.05
2.822683667985202,1468043,0,0.0,0.0,1.5674495990236183e-05,0.2801368943857362,-0.050555013844339844,-61.059833658353114,27.38945681088222,0.9999895799746172,-51.171783160258514,-3065.356145858895,100.1750049907634,22467.4975876026,197,95.45,0.05057102,0.01,1.0654392,0.93498623,0.99999946,0.08718169,6.1861497e-06,3,0.05
2.857931674434256,1482871,0,0.0,0.0,4.0142670682910856e-05,0.2809317510340088,0.1179040282984593,-50.15419683852592,67.76444489718666,0.9999906481414723,-51.48223389842304,-3287.4514908547003,151.5468940463602,26136.969333823683,198,95.94,-0.117885806,0.01,1.0433912,0.95338255,1.0000002,0.08665196,2.4648632e-06,3,0.05
2.8612543651878686,1473877,0,0.0,0.0,2.1019740098564573e-05,0.27905717563866045,0.12128251824521008,-41.34776701727433,37.10250933154089,0.9999913478219209,-51.91039613454352,-3715.6919382298597,138.7760606790753,26169.54728452432,199,96.43,-0.12131367,0.01,1.0327507,0.9646371,0.9999984,0.08682921,1.2712723e-06,3,0.05
2.8305869740743503,1473830,0,0.0,0.0,2.698727034453968e-05,0.27962111034211345,-0.007596509693914849,-45.45523097496147,18.539444082357228,0.9999894378026936,-49.92856337752715,-2687.287475122768,122.23780812394881,22063.980467590023,200,96.91,0.0075420826,0.01,1.0324214,0.96334237,1.0000014,0.08687649,1.1068902e-06,3,0.05
